"Name","URI","Region GSS code","Period","Sales volume","Reporting period","House price index New build","Average price New build","Percentage change (monthly) New build","Percentage change (yearly) New build","House price index Existing properties","Average price Existing properties","Percentage change (monthly) Existing properties","Percentage change (yearly) Existing properties","Pivotable date"
London,http://landregistry.data.gov.uk/id/region/london,E12000007,1980-01,,quarterly,,,,,,,,,1980-01-01
London,http://landregistry.data.gov.uk/id/region/london,E12000007,1980-02,,quarterly,,,,,,,,,1980-02-01
London,http://landregistry.data.gov.uk/id/region/london,E12000007,1980-03,,quarterly,,,,,,,,,1980-03-01
London,http://landregistry.data.gov.uk/id/region/london,E12000007,1980-04,,quarterly,,,,,,,,,1980-04-01
London,http://landregistry.data.gov.uk/id/region/london,E12000007,1980-05,,quarterly,,,,,,,,,1980-05-01
London,http://landregistry.data.gov.uk/id/region/london,E12000007,1980-06,,quarterly,,,,,,,,,1980-06-01
London,http://landregistry.data.gov.uk/id/region/london,E12000007,1980-07,,quarterly,,,,,,,,,1980-07-01
London,http://landregistry.data.gov.uk/id/region/london,E12000007,1980-08,,quarterly,,,,,,,,,1980-08-01
London,http://landregistry.data.gov.uk/id/region/london,E12000007,1980-09,,quarterly,,,,,,,,,1980-09-01
London,http://landregistry.data.gov.uk/id/region/london,E12000007,1980-10,,quarterly,,,,,,,,,1980-10-01
London,http://landregistry.data.gov.uk/id/region/london,E12000007,1980-11,,quarterly,,,,,,,,,1980-11-01
London,http://landregistry.data.gov.uk/id/region/london,E12000007,1980-12,,quarterly,,,,,,,,,1980-12-01
London,http://landregistry.data.gov.uk/id/region/london,E12000007,1981-01,,quarterly,,,,,,,,,1981-01-01
London,http://landregistry.data.gov.uk/id/region/london,E12000007,1981-02,,quarterly,,,,,,,,,1981-02-01
London,http://landregistry.data.gov.uk/id/region/london,E12000007,1981-03,,quarterly,,,,,,,,,1981-03-01
London,http://landregistry.data.gov.uk/id/region/london,E12000007,1981-04,,quarterly,,,,,,,,,1981-04-01
London,http://landregistry.data.gov.uk/id/region/london,E12000007,1981-05,,quarterly,,,,,,,,,1981-05-01
London,http://landregistry.data.gov.uk/id/region/london,E12000007,1981-06,,quarterly,,,,,,,,,1981-06-01
London,http://landregistry.data.gov.uk/id/region/london,E12000007,1981-07,,quarterly,,,,,,,,,1981-07-01
London,http://landregistry.data.gov.uk/id/region/london,E12000007,1981-08,,quarterly,,,,,,,,,1981-08-01
London,http://landregistry.data.gov.uk/id/region/london,E12000007,1981-09,,quarterly,,,,,,,,,1981-09-01
London,http://landregistry.data.gov.uk/id/region/london,E12000007,1981-10,,quarterly,,,,,,,,,1981-10-01
London,http://landregistry.data.gov.uk/id/region/london,E12000007,1981-11,,quarterly,,,,,,,,,1981-11-01
London,http://landregistry.data.gov.uk/id/region/london,E12000007,1981-12,,quarterly,,,,,,,,,1981-12-01
London,http://landregistry.data.gov.uk/id/region/london,E12000007,1982-01,,quarterly,,,,,,,,,1982-01-01
London,http://landregistry.data.gov.uk/id/region/london,E12000007,1982-02,,quarterly,,,,,,,,,1982-02-01
London,http://landregistry.data.gov.uk/id/region/london,E12000007,1982-03,,quarterly,,,,,,,,,1982-03-01
London,http://landregistry.data.gov.uk/id/region/london,E12000007,1982-04,,quarterly,,,,,,,,,1982-04-01
London,http://landregistry.data.gov.uk/id/region/london,E12000007,1982-05,,quarterly,,,,,,,,,1982-05-01
London,http://landregistry.data.gov.uk/id/region/london,E12000007,1982-06,,quarterly,,,,,,,,,1982-06-01
London,http://landregistry.data.gov.uk/id/region/london,E12000007,1982-07,,quarterly,,,,,,,,,1982-07-01
London,http://landregistry.data.gov.uk/id/region/london,E12000007,1982-08,,quarterly,,,,,,,,,1982-08-01
London,http://landregistry.data.gov.uk/id/region/london,E12000007,1982-09,,quarterly,,,,,,,,,1982-09-01
London,http://landregistry.data.gov.uk/id/region/london,E12000007,1982-10,,quarterly,,,,,,,,,1982-10-01
London,http://landregistry.data.gov.uk/id/region/london,E12000007,1982-11,,quarterly,,,,,,,,,1982-11-01
London,http://landregistry.data.gov.uk/id/region/london,E12000007,1982-12,,quarterly,,,,,,,,,1982-12-01
London,http://landregistry.data.gov.uk/id/region/london,E12000007,1983-01,,quarterly,,,,,,,,,1983-01-01
London,http://landregistry.data.gov.uk/id/region/london,E12000007,1983-02,,quarterly,,,,,,,,,1983-02-01
London,http://landregistry.data.gov.uk/id/region/london,E12000007,1983-03,,quarterly,,,,,,,,,1983-03-01
London,http://landregistry.data.gov.uk/id/region/london,E12000007,1983-04,,quarterly,,,,,,,,,1983-04-01
London,http://landregistry.data.gov.uk/id/region/london,E12000007,1983-05,,quarterly,,,,,,,,,1983-05-01
London,http://landregistry.data.gov.uk/id/region/london,E12000007,1983-06,,quarterly,,,,,,,,,1983-06-01
London,http://landregistry.data.gov.uk/id/region/london,E12000007,1983-07,,quarterly,,,,,,,,,1983-07-01
London,http://landregistry.data.gov.uk/id/region/london,E12000007,1983-08,,quarterly,,,,,,,,,1983-08-01
London,http://landregistry.data.gov.uk/id/region/london,E12000007,1983-09,,quarterly,,,,,,,,,1983-09-01
London,http://landregistry.data.gov.uk/id/region/london,E12000007,1983-10,,quarterly,,,,,,,,,1983-10-01
London,http://landregistry.data.gov.uk/id/region/london,E12000007,1983-11,,quarterly,,,,,,,,,1983-11-01
London,http://landregistry.data.gov.uk/id/region/london,E12000007,1983-12,,quarterly,,,,,,,,,1983-12-01
London,http://landregistry.data.gov.uk/id/region/london,E12000007,1984-01,,quarterly,,,,,,,,,1984-01-01
London,http://landregistry.data.gov.uk/id/region/london,E12000007,1984-02,,quarterly,,,,,,,,,1984-02-01
London,http://landregistry.data.gov.uk/id/region/london,E12000007,1984-03,,quarterly,,,,,,,,,1984-03-01
London,http://landregistry.data.gov.uk/id/region/london,E12000007,1984-04,,quarterly,,,,,,,,,1984-04-01
London,http://landregistry.data.gov.uk/id/region/london,E12000007,1984-05,,quarterly,,,,,,,,,1984-05-01
London,http://landregistry.data.gov.uk/id/region/london,E12000007,1984-06,,quarterly,,,,,,,,,1984-06-01
London,http://landregistry.data.gov.uk/id/region/london,E12000007,1984-07,,quarterly,,,,,,,,,1984-07-01
London,http://landregistry.data.gov.uk/id/region/london,E12000007,1984-08,,quarterly,,,,,,,,,1984-08-01
London,http://landregistry.data.gov.uk/id/region/london,E12000007,1984-09,,quarterly,,,,,,,,,1984-09-01
London,http://landregistry.data.gov.uk/id/region/london,E12000007,1984-10,,quarterly,,,,,,,,,1984-10-01
London,http://landregistry.data.gov.uk/id/region/london,E12000007,1984-11,,quarterly,,,,,,,,,1984-11-01
London,http://landregistry.data.gov.uk/id/region/london,E12000007,1984-12,,quarterly,,,,,,,,,1984-12-01
London,http://landregistry.data.gov.uk/id/region/london,E12000007,1985-01,,quarterly,,,,,,,,,1985-01-01
London,http://landregistry.data.gov.uk/id/region/london,E12000007,1985-02,,quarterly,,,,,,,,,1985-02-01
London,http://landregistry.data.gov.uk/id/region/london,E12000007,1985-03,,quarterly,,,,,,,,,1985-03-01
London,http://landregistry.data.gov.uk/id/region/london,E12000007,1985-04,,quarterly,,,,,,,,,1985-04-01
London,http://landregistry.data.gov.uk/id/region/london,E12000007,1985-05,,quarterly,,,,,,,,,1985-05-01
London,http://landregistry.data.gov.uk/id/region/london,E12000007,1985-06,,quarterly,,,,,,,,,1985-06-01
London,http://landregistry.data.gov.uk/id/region/london,E12000007,1985-07,,quarterly,,,,,,,,,1985-07-01
London,http://landregistry.data.gov.uk/id/region/london,E12000007,1985-08,,quarterly,,,,,,,,,1985-08-01
London,http://landregistry.data.gov.uk/id/region/london,E12000007,1985-09,,quarterly,,,,,,,,,1985-09-01
London,http://landregistry.data.gov.uk/id/region/london,E12000007,1985-10,,quarterly,,,,,,,,,1985-10-01
London,http://landregistry.data.gov.uk/id/region/london,E12000007,1985-11,,quarterly,,,,,,,,,1985-11-01
London,http://landregistry.data.gov.uk/id/region/london,E12000007,1985-12,,quarterly,,,,,,,,,1985-12-01
London,http://landregistry.data.gov.uk/id/region/london,E12000007,1986-01,,quarterly,,,,,,,,,1986-01-01
London,http://landregistry.data.gov.uk/id/region/london,E12000007,1986-02,,quarterly,,,,,,,,,1986-02-01
London,http://landregistry.data.gov.uk/id/region/london,E12000007,1986-03,,quarterly,,,,,,,,,1986-03-01
London,http://landregistry.data.gov.uk/id/region/london,E12000007,1986-04,,quarterly,,,,,,,,,1986-04-01
London,http://landregistry.data.gov.uk/id/region/london,E12000007,1986-05,,quarterly,,,,,,,,,1986-05-01
London,http://landregistry.data.gov.uk/id/region/london,E12000007,1986-06,,quarterly,,,,,,,,,1986-06-01
London,http://landregistry.data.gov.uk/id/region/london,E12000007,1986-07,,quarterly,,,,,,,,,1986-07-01
London,http://landregistry.data.gov.uk/id/region/london,E12000007,1986-08,,quarterly,,,,,,,,,1986-08-01
London,http://landregistry.data.gov.uk/id/region/london,E12000007,1986-09,,quarterly,,,,,,,,,1986-09-01
London,http://landregistry.data.gov.uk/id/region/london,E12000007,1986-10,,quarterly,,,,,,,,,1986-10-01
London,http://landregistry.data.gov.uk/id/region/london,E12000007,1986-11,,quarterly,,,,,,,,,1986-11-01
London,http://landregistry.data.gov.uk/id/region/london,E12000007,1986-12,,quarterly,,,,,,,,,1986-12-01
London,http://landregistry.data.gov.uk/id/region/london,E12000007,1987-01,,quarterly,,,,,,,,,1987-01-01
London,http://landregistry.data.gov.uk/id/region/london,E12000007,1987-02,,quarterly,,,,,,,,,1987-02-01
London,http://landregistry.data.gov.uk/id/region/london,E12000007,1987-03,,quarterly,,,,,,,,,1987-03-01
London,http://landregistry.data.gov.uk/id/region/london,E12000007,1987-04,,quarterly,,,,,,,,,1987-04-01
London,http://landregistry.data.gov.uk/id/region/london,E12000007,1987-05,,quarterly,,,,,,,,,1987-05-01
London,http://landregistry.data.gov.uk/id/region/london,E12000007,1987-06,,quarterly,,,,,,,,,1987-06-01
London,http://landregistry.data.gov.uk/id/region/london,E12000007,1987-07,,quarterly,,,,,,,,,1987-07-01
London,http://landregistry.data.gov.uk/id/region/london,E12000007,1987-08,,quarterly,,,,,,,,,1987-08-01
London,http://landregistry.data.gov.uk/id/region/london,E12000007,1987-09,,quarterly,,,,,,,,,1987-09-01
London,http://landregistry.data.gov.uk/id/region/london,E12000007,1987-10,,quarterly,,,,,,,,,1987-10-01
London,http://landregistry.data.gov.uk/id/region/london,E12000007,1987-11,,quarterly,,,,,,,,,1987-11-01
London,http://landregistry.data.gov.uk/id/region/london,E12000007,1987-12,,quarterly,,,,,,,,,1987-12-01
London,http://landregistry.data.gov.uk/id/region/london,E12000007,1988-01,,quarterly,,,,,,,,,1988-01-01
London,http://landregistry.data.gov.uk/id/region/london,E12000007,1988-02,,quarterly,,,,,,,,,1988-02-01
London,http://landregistry.data.gov.uk/id/region/london,E12000007,1988-03,,quarterly,,,,,,,,,1988-03-01
London,http://landregistry.data.gov.uk/id/region/london,E12000007,1988-04,,quarterly,,,,,,,,,1988-04-01
London,http://landregistry.data.gov.uk/id/region/london,E12000007,1988-05,,quarterly,,,,,,,,,1988-05-01
London,http://landregistry.data.gov.uk/id/region/london,E12000007,1988-06,,quarterly,,,,,,,,,1988-06-01
London,http://landregistry.data.gov.uk/id/region/london,E12000007,1988-07,,quarterly,,,,,,,,,1988-07-01
London,http://landregistry.data.gov.uk/id/region/london,E12000007,1988-08,,quarterly,,,,,,,,,1988-08-01
London,http://landregistry.data.gov.uk/id/region/london,E12000007,1988-09,,quarterly,,,,,,,,,1988-09-01
London,http://landregistry.data.gov.uk/id/region/london,E12000007,1988-10,,quarterly,,,,,,,,,1988-10-01
London,http://landregistry.data.gov.uk/id/region/london,E12000007,1988-11,,quarterly,,,,,,,,,1988-11-01
London,http://landregistry.data.gov.uk/id/region/london,E12000007,1988-12,,quarterly,,,,,,,,,1988-12-01
London,http://landregistry.data.gov.uk/id/region/london,E12000007,1989-01,,quarterly,,,,,,,,,1989-01-01
London,http://landregistry.data.gov.uk/id/region/london,E12000007,1989-02,,quarterly,,,,,,,,,1989-02-01
London,http://landregistry.data.gov.uk/id/region/london,E12000007,1989-03,,quarterly,,,,,,,,,1989-03-01
London,http://landregistry.data.gov.uk/id/region/london,E12000007,1989-04,,quarterly,,,,,,,,,1989-04-01
London,http://landregistry.data.gov.uk/id/region/london,E12000007,1989-05,,quarterly,,,,,,,,,1989-05-01
London,http://landregistry.data.gov.uk/id/region/london,E12000007,1989-06,,quarterly,,,,,,,,,1989-06-01
London,http://landregistry.data.gov.uk/id/region/london,E12000007,1989-07,,quarterly,,,,,,,,,1989-07-01
London,http://landregistry.data.gov.uk/id/region/london,E12000007,1989-08,,quarterly,,,,,,,,,1989-08-01
London,http://landregistry.data.gov.uk/id/region/london,E12000007,1989-09,,quarterly,,,,,,,,,1989-09-01
London,http://landregistry.data.gov.uk/id/region/london,E12000007,1989-10,,quarterly,,,,,,,,,1989-10-01
London,http://landregistry.data.gov.uk/id/region/london,E12000007,1989-11,,quarterly,,,,,,,,,1989-11-01
London,http://landregistry.data.gov.uk/id/region/london,E12000007,1989-12,,quarterly,,,,,,,,,1989-12-01
London,http://landregistry.data.gov.uk/id/region/london,E12000007,1990-01,,quarterly,,,,,,,,,1990-01-01
London,http://landregistry.data.gov.uk/id/region/london,E12000007,1990-02,,quarterly,,,,,,,,,1990-02-01
London,http://landregistry.data.gov.uk/id/region/london,E12000007,1990-03,,quarterly,,,,,,,,,1990-03-01
London,http://landregistry.data.gov.uk/id/region/london,E12000007,1990-04,,quarterly,,,,,,,,,1990-04-01
London,http://landregistry.data.gov.uk/id/region/london,E12000007,1990-05,,quarterly,,,,,,,,,1990-05-01
London,http://landregistry.data.gov.uk/id/region/london,E12000007,1990-06,,quarterly,,,,,,,,,1990-06-01
London,http://landregistry.data.gov.uk/id/region/london,E12000007,1990-07,,quarterly,,,,,,,,,1990-07-01
London,http://landregistry.data.gov.uk/id/region/london,E12000007,1990-08,,quarterly,,,,,,,,,1990-08-01
London,http://landregistry.data.gov.uk/id/region/london,E12000007,1990-09,,quarterly,,,,,,,,,1990-09-01
London,http://landregistry.data.gov.uk/id/region/london,E12000007,1990-10,,quarterly,,,,,,,,,1990-10-01
London,http://landregistry.data.gov.uk/id/region/london,E12000007,1990-11,,quarterly,,,,,,,,,1990-11-01
London,http://landregistry.data.gov.uk/id/region/london,E12000007,1990-12,,quarterly,,,,,,,,,1990-12-01
London,http://landregistry.data.gov.uk/id/region/london,E12000007,1991-01,,quarterly,,,,,,,,,1991-01-01
London,http://landregistry.data.gov.uk/id/region/london,E12000007,1991-02,,quarterly,,,,,,,,,1991-02-01
London,http://landregistry.data.gov.uk/id/region/london,E12000007,1991-03,,quarterly,,,,,,,,,1991-03-01
London,http://landregistry.data.gov.uk/id/region/london,E12000007,1991-04,,quarterly,,,,,,,,,1991-04-01
London,http://landregistry.data.gov.uk/id/region/london,E12000007,1991-05,,quarterly,,,,,,,,,1991-05-01
London,http://landregistry.data.gov.uk/id/region/london,E12000007,1991-06,,quarterly,,,,,,,,,1991-06-01
London,http://landregistry.data.gov.uk/id/region/london,E12000007,1991-07,,quarterly,,,,,,,,,1991-07-01
London,http://landregistry.data.gov.uk/id/region/london,E12000007,1991-08,,quarterly,,,,,,,,,1991-08-01
London,http://landregistry.data.gov.uk/id/region/london,E12000007,1991-09,,quarterly,,,,,,,,,1991-09-01
London,http://landregistry.data.gov.uk/id/region/london,E12000007,1991-10,,quarterly,,,,,,,,,1991-10-01
London,http://landregistry.data.gov.uk/id/region/london,E12000007,1991-11,,quarterly,,,,,,,,,1991-11-01
London,http://landregistry.data.gov.uk/id/region/london,E12000007,1991-12,,quarterly,,,,,,,,,1991-12-01
London,http://landregistry.data.gov.uk/id/region/london,E12000007,1992-01,,quarterly,,,,,,,,,1992-01-01
London,http://landregistry.data.gov.uk/id/region/london,E12000007,1992-02,,quarterly,,,,,,,,,1992-02-01
London,http://landregistry.data.gov.uk/id/region/london,E12000007,1992-03,,quarterly,,,,,,,,,1992-03-01
London,http://landregistry.data.gov.uk/id/region/london,E12000007,1992-04,,quarterly,,,,,,,,,1992-04-01
London,http://landregistry.data.gov.uk/id/region/london,E12000007,1992-05,,quarterly,,,,,,,,,1992-05-01
London,http://landregistry.data.gov.uk/id/region/london,E12000007,1992-06,,quarterly,,,,,,,,,1992-06-01
London,http://landregistry.data.gov.uk/id/region/london,E12000007,1992-07,,quarterly,,,,,,,,,1992-07-01
London,http://landregistry.data.gov.uk/id/region/london,E12000007,1992-08,,quarterly,,,,,,,,,1992-08-01
London,http://landregistry.data.gov.uk/id/region/london,E12000007,1992-09,,quarterly,,,,,,,,,1992-09-01
London,http://landregistry.data.gov.uk/id/region/london,E12000007,1992-10,,quarterly,,,,,,,,,1992-10-01
London,http://landregistry.data.gov.uk/id/region/london,E12000007,1992-11,,quarterly,,,,,,,,,1992-11-01
London,http://landregistry.data.gov.uk/id/region/london,E12000007,1992-12,,quarterly,,,,,,,,,1992-12-01
London,http://landregistry.data.gov.uk/id/region/london,E12000007,1993-01,,quarterly,,,,,,,,,1993-01-01
London,http://landregistry.data.gov.uk/id/region/london,E12000007,1993-02,,quarterly,,,,,,,,,1993-02-01
London,http://landregistry.data.gov.uk/id/region/london,E12000007,1993-03,,quarterly,,,,,,,,,1993-03-01
London,http://landregistry.data.gov.uk/id/region/london,E12000007,1993-04,,quarterly,,,,,,,,,1993-04-01
London,http://landregistry.data.gov.uk/id/region/london,E12000007,1993-05,,quarterly,,,,,,,,,1993-05-01
London,http://landregistry.data.gov.uk/id/region/london,E12000007,1993-06,,quarterly,,,,,,,,,1993-06-01
London,http://landregistry.data.gov.uk/id/region/london,E12000007,1993-07,,quarterly,,,,,,,,,1993-07-01
London,http://landregistry.data.gov.uk/id/region/london,E12000007,1993-08,,quarterly,,,,,,,,,1993-08-01
London,http://landregistry.data.gov.uk/id/region/london,E12000007,1993-09,,quarterly,,,,,,,,,1993-09-01
London,http://landregistry.data.gov.uk/id/region/london,E12000007,1993-10,,quarterly,,,,,,,,,1993-10-01
London,http://landregistry.data.gov.uk/id/region/london,E12000007,1993-11,,quarterly,,,,,,,,,1993-11-01
London,http://landregistry.data.gov.uk/id/region/london,E12000007,1993-12,,quarterly,,,,,,,,,1993-12-01
London,http://landregistry.data.gov.uk/id/region/london,E12000007,1994-01,,quarterly,,,,,,,,,1994-01-01
London,http://landregistry.data.gov.uk/id/region/london,E12000007,1994-02,,quarterly,,,,,,,,,1994-02-01
London,http://landregistry.data.gov.uk/id/region/london,E12000007,1994-03,,quarterly,,,,,,,,,1994-03-01
London,http://landregistry.data.gov.uk/id/region/london,E12000007,1994-04,,quarterly,,,,,,,,,1994-04-01
London,http://landregistry.data.gov.uk/id/region/london,E12000007,1994-05,,quarterly,,,,,,,,,1994-05-01
London,http://landregistry.data.gov.uk/id/region/london,E12000007,1994-06,,quarterly,,,,,,,,,1994-06-01
London,http://landregistry.data.gov.uk/id/region/london,E12000007,1994-07,,quarterly,,,,,,,,,1994-07-01
London,http://landregistry.data.gov.uk/id/region/london,E12000007,1994-08,,quarterly,,,,,,,,,1994-08-01
London,http://landregistry.data.gov.uk/id/region/london,E12000007,1994-09,,quarterly,,,,,,,,,1994-09-01
London,http://landregistry.data.gov.uk/id/region/london,E12000007,1994-10,,quarterly,,,,,,,,,1994-10-01
London,http://landregistry.data.gov.uk/id/region/london,E12000007,1994-11,,quarterly,,,,,,,,,1994-11-01
London,http://landregistry.data.gov.uk/id/region/london,E12000007,1994-12,,quarterly,,,,,,,,,1994-12-01
London,http://landregistry.data.gov.uk/id/region/london,E12000007,1995-01,7506,monthly,17.48,71312,,,18.56,74707,,,1995-01-01
London,http://landregistry.data.gov.uk/id/region/london,E12000007,1995-02,6873,monthly,17.0,69320,-2.79,,18.16,73089,-2.17,,1995-02-01
London,http://landregistry.data.gov.uk/id/region/london,E12000007,1995-03,9639,monthly,17.83,72704,4.88,,18.38,73957,1.19,,1995-03-01
London,http://landregistry.data.gov.uk/id/region/london,E12000007,1995-04,8053,monthly,17.54,71528,-1.62,,18.56,74705,1.01,,1995-04-01
London,http://landregistry.data.gov.uk/id/region/london,E12000007,1995-05,9293,monthly,17.89,72948,1.98,,18.79,75632,1.24,,1995-05-01
London,http://landregistry.data.gov.uk/id/region/london,E12000007,1995-06,10150,monthly,18.05,73611,0.91,,18.82,75752,0.16,,1995-06-01
London,http://landregistry.data.gov.uk/id/region/london,E12000007,1995-07,9445,monthly,17.82,72669,-1.28,,18.95,76276,0.69,,1995-07-01
London,http://landregistry.data.gov.uk/id/region/london,E12000007,1995-08,9965,monthly,17.68,72118,-0.76,,18.84,75832,-0.58,,1995-08-01
London,http://landregistry.data.gov.uk/id/region/london,E12000007,1995-09,9249,monthly,17.4,70947,-1.62,,18.71,75309,-0.69,,1995-09-01
London,http://landregistry.data.gov.uk/id/region/london,E12000007,1995-10,8586,monthly,17.74,72343,1.97,,18.5,74445,-1.15,,1995-10-01
London,http://landregistry.data.gov.uk/id/region/london,E12000007,1995-11,8930,monthly,17.74,72343,0.0,,18.45,74241,-0.27,,1995-11-01
London,http://landregistry.data.gov.uk/id/region/london,E12000007,1995-12,9161,monthly,18.2,74232,2.61,,18.69,75210,1.31,,1995-12-01
London,http://landregistry.data.gov.uk/id/region/london,E12000007,1996-01,7690,monthly,18.48,75378,1.54,5.7,18.7,75270,0.08,0.75,1996-01-01
London,http://landregistry.data.gov.uk/id/region/london,E12000007,1996-02,7608,monthly,18.75,76482,1.47,10.33,18.88,75979,0.94,3.95,1996-02-01
London,http://landregistry.data.gov.uk/id/region/london,E12000007,1996-03,9815,monthly,18.36,74864,-2.12,2.97,18.81,75702,-0.36,2.36,1996-03-01
London,http://landregistry.data.gov.uk/id/region/london,E12000007,1996-04,9416,monthly,18.81,76720,2.48,7.26,19.06,76702,1.32,2.67,1996-04-01
London,http://landregistry.data.gov.uk/id/region/london,E12000007,1996-05,11110,monthly,18.37,74909,-2.36,2.69,19.23,77373,0.87,2.3,1996-05-01
London,http://landregistry.data.gov.uk/id/region/london,E12000007,1996-06,10712,monthly,19.03,77596,3.59,5.41,19.41,78120,0.97,3.13,1996-06-01
London,http://landregistry.data.gov.uk/id/region/london,E12000007,1996-07,12624,monthly,18.78,76581,-1.31,5.38,19.62,78946,1.06,3.5,1996-07-01
London,http://landregistry.data.gov.uk/id/region/london,E12000007,1996-08,13021,monthly,18.88,76988,0.53,6.75,19.68,79191,0.31,4.43,1996-08-01
London,http://landregistry.data.gov.uk/id/region/london,E12000007,1996-09,11820,monthly,19.1,77902,1.19,9.8,19.85,79862,0.85,6.04,1996-09-01
London,http://landregistry.data.gov.uk/id/region/london,E12000007,1996-10,12767,monthly,18.93,77186,-0.92,6.69,19.8,79661,-0.25,7.01,1996-10-01
London,http://landregistry.data.gov.uk/id/region/london,E12000007,1996-11,13342,monthly,19.32,78777,2.06,8.89,19.95,80293,0.79,8.15,1996-11-01
London,http://landregistry.data.gov.uk/id/region/london,E12000007,1996-12,13028,monthly,19.54,79678,1.14,7.34,20.26,81514,1.52,8.38,1996-12-01
London,http://landregistry.data.gov.uk/id/region/london,E12000007,1997-01,10762,monthly,19.49,79470,-0.26,5.43,20.71,83348,2.25,10.73,1997-01-01
London,http://landregistry.data.gov.uk/id/region/london,E12000007,1997-02,10495,monthly,20.43,83316,4.84,8.94,20.76,83544,0.24,9.96,1997-02-01
London,http://landregistry.data.gov.uk/id/region/london,E12000007,1997-03,11648,monthly,20.57,83900,0.7,12.07,21.02,84579,1.24,11.73,1997-03-01
London,http://landregistry.data.gov.uk/id/region/london,E12000007,1997-04,12206,monthly,21.01,85698,2.14,11.7,21.39,86063,1.75,12.2,1997-04-01
London,http://landregistry.data.gov.uk/id/region/london,E12000007,1997-05,13154,monthly,21.27,86751,1.23,15.81,22.03,88649,3.01,14.57,1997-05-01
London,http://landregistry.data.gov.uk/id/region/london,E12000007,1997-06,13732,monthly,21.33,86987,0.27,12.1,22.21,89379,0.82,14.41,1997-06-01
London,http://landregistry.data.gov.uk/id/region/london,E12000007,1997-07,15757,monthly,21.57,87983,1.15,14.89,22.98,92458,3.44,17.11,1997-07-01
London,http://landregistry.data.gov.uk/id/region/london,E12000007,1997-08,14233,monthly,21.7,88521,0.61,14.98,22.96,92396,-0.07,16.68,1997-08-01
London,http://landregistry.data.gov.uk/id/region/london,E12000007,1997-09,13516,monthly,22.39,91318,3.16,17.22,23.45,94384,2.15,18.18,1997-09-01
London,http://landregistry.data.gov.uk/id/region/london,E12000007,1997-10,14096,monthly,21.88,89229,-2.29,15.6,23.43,94298,-0.09,18.37,1997-10-01
London,http://landregistry.data.gov.uk/id/region/london,E12000007,1997-11,11985,monthly,22.23,90680,1.63,15.11,23.7,95381,1.15,18.79,1997-11-01
London,http://landregistry.data.gov.uk/id/region/london,E12000007,1997-12,12759,monthly,23.2,94619,4.34,18.75,24.11,97005,1.7,19.0,1997-12-01
London,http://landregistry.data.gov.uk/id/region/london,E12000007,1998-01,9867,monthly,23.25,94821,0.21,19.32,24.39,98136,1.17,17.74,1998-01-01
London,http://landregistry.data.gov.uk/id/region/london,E12000007,1998-02,9419,monthly,23.69,96628,1.91,15.98,24.08,96895,-1.27,15.98,1998-02-01
London,http://landregistry.data.gov.uk/id/region/london,E12000007,1998-03,11654,monthly,24.28,99043,2.5,18.05,24.56,98842,2.01,16.86,1998-03-01
London,http://landregistry.data.gov.uk/id/region/london,E12000007,1998-04,11829,monthly,24.55,100143,1.11,16.86,25.18,101314,2.5,17.72,1998-04-01
London,http://landregistry.data.gov.uk/id/region/london,E12000007,1998-05,12242,monthly,24.15,98509,-1.63,13.55,25.16,101245,-0.07,14.21,1998-05-01
London,http://landregistry.data.gov.uk/id/region/london,E12000007,1998-06,13441,monthly,25.14,102530,4.08,17.87,25.56,102841,1.58,15.06,1998-06-01
London,http://landregistry.data.gov.uk/id/region/london,E12000007,1998-07,14954,monthly,24.95,101759,-0.75,15.66,25.98,104536,1.65,13.06,1998-07-01
London,http://landregistry.data.gov.uk/id/region/london,E12000007,1998-08,12931,monthly,25.09,102333,0.56,15.6,25.88,104161,-0.36,12.73,1998-08-01
London,http://landregistry.data.gov.uk/id/region/london,E12000007,1998-09,13122,monthly,24.95,101752,-0.57,11.43,26.04,104805,0.62,11.04,1998-09-01
London,http://landregistry.data.gov.uk/id/region/london,E12000007,1998-10,12601,monthly,25.26,103039,1.26,15.48,25.89,104204,-0.57,10.5,1998-10-01
London,http://landregistry.data.gov.uk/id/region/london,E12000007,1998-11,11801,monthly,25.79,105190,2.09,16.0,25.86,104084,-0.11,9.13,1998-11-01
London,http://landregistry.data.gov.uk/id/region/london,E12000007,1998-12,12081,monthly,26.38,107579,2.27,13.7,25.95,104433,0.34,7.66,1998-12-01
London,http://landregistry.data.gov.uk/id/region/london,E12000007,1999-01,9310,monthly,26.51,108120,0.5,14.03,26.19,105378,0.9,7.38,1999-01-01
London,http://landregistry.data.gov.uk/id/region/london,E12000007,1999-02,9497,monthly,25.86,105468,-2.45,9.15,26.13,105147,-0.22,8.52,1999-02-01
London,http://landregistry.data.gov.uk/id/region/london,E12000007,1999-03,12774,monthly,26.38,107580,2.0,8.62,26.66,107270,2.02,8.53,1999-03-01
London,http://landregistry.data.gov.uk/id/region/london,E12000007,1999-04,12763,monthly,26.6,108505,0.86,8.35,27.24,109605,2.18,8.18,1999-04-01
London,http://landregistry.data.gov.uk/id/region/london,E12000007,1999-05,12722,monthly,27.62,112664,3.83,14.37,27.58,110975,1.25,9.61,1999-05-01
London,http://landregistry.data.gov.uk/id/region/london,E12000007,1999-06,15578,monthly,27.7,112981,0.28,10.19,28.14,113230,2.03,10.1,1999-06-01
London,http://landregistry.data.gov.uk/id/region/london,E12000007,1999-07,18420,monthly,28.45,116040,2.71,14.03,29.07,116998,3.33,11.92,1999-07-01
London,http://landregistry.data.gov.uk/id/region/london,E12000007,1999-08,16329,monthly,28.92,117968,1.66,15.28,29.66,119355,2.02,14.59,1999-08-01
London,http://landregistry.data.gov.uk/id/region/london,E12000007,1999-09,15627,monthly,30.16,122997,4.26,20.88,30.43,122450,2.59,16.84,1999-09-01
London,http://landregistry.data.gov.uk/id/region/london,E12000007,1999-10,15681,monthly,30.0,122340,-0.53,18.73,30.55,122932,0.39,17.97,1999-10-01
London,http://landregistry.data.gov.uk/id/region/london,E12000007,1999-11,15251,monthly,30.51,124414,1.7,18.27,31.26,125782,2.32,20.85,1999-11-01
London,http://landregistry.data.gov.uk/id/region/london,E12000007,1999-12,15124,monthly,31.85,129882,4.4,20.73,31.71,127616,1.46,22.2,1999-12-01
London,http://landregistry.data.gov.uk/id/region/london,E12000007,2000-01,11333,monthly,31.46,128320,-1.2,18.68,32.42,130458,2.23,23.8,2000-01-01
London,http://landregistry.data.gov.uk/id/region/london,E12000007,2000-02,11414,monthly,32.6,132959,3.61,26.07,32.94,132553,1.61,26.06,2000-02-01
London,http://landregistry.data.gov.uk/id/region/london,E12000007,2000-03,14645,monthly,32.75,133568,0.46,24.16,33.35,134213,1.25,25.12,2000-03-01
London,http://landregistry.data.gov.uk/id/region/london,E12000007,2000-04,12667,monthly,34.61,141158,5.68,30.09,34.91,140490,4.68,28.18,2000-04-01
London,http://landregistry.data.gov.uk/id/region/london,E12000007,2000-05,13099,monthly,34.52,140771,-0.27,24.95,34.97,140730,0.17,26.81,2000-05-01
London,http://landregistry.data.gov.uk/id/region/london,E12000007,2000-06,14270,monthly,35.28,143872,2.2,27.34,35.63,143372,1.88,26.62,2000-06-01
London,http://landregistry.data.gov.uk/id/region/london,E12000007,2000-07,13278,monthly,35.51,144820,0.66,24.8,36.33,146202,1.97,24.96,2000-07-01
London,http://landregistry.data.gov.uk/id/region/london,E12000007,2000-08,12690,monthly,36.07,147130,1.6,24.72,36.57,147151,0.65,23.29,2000-08-01
London,http://landregistry.data.gov.uk/id/region/london,E12000007,2000-09,11521,monthly,36.38,148375,0.85,20.63,36.55,147082,-0.05,20.12,2000-09-01
London,http://landregistry.data.gov.uk/id/region/london,E12000007,2000-10,11068,monthly,36.09,147179,-0.81,20.3,36.12,145352,-1.18,18.24,2000-10-01
London,http://landregistry.data.gov.uk/id/region/london,E12000007,2000-11,11301,monthly,37.42,152599,3.68,22.65,36.56,147113,1.21,16.96,2000-11-01
London,http://landregistry.data.gov.uk/id/region/london,E12000007,2000-12,11983,monthly,37.13,151440,-0.76,16.6,36.53,147010,-0.07,15.2,2000-12-01
London,http://landregistry.data.gov.uk/id/region/london,E12000007,2001-01,10315,monthly,38.01,155003,2.35,20.79,37.01,148946,1.32,14.17,2001-01-01
London,http://landregistry.data.gov.uk/id/region/london,E12000007,2001-02,9963,monthly,38.29,156159,0.75,17.45,37.05,149114,0.11,12.49,2001-02-01
London,http://landregistry.data.gov.uk/id/region/london,E12000007,2001-03,12882,monthly,38.38,156543,0.25,17.2,37.36,150332,0.82,12.01,2001-03-01
London,http://landregistry.data.gov.uk/id/region/london,E12000007,2001-04,12330,monthly,39.15,159678,2.0,13.12,37.81,152168,1.22,8.31,2001-04-01
London,http://landregistry.data.gov.uk/id/region/london,E12000007,2001-05,13965,monthly,39.48,161014,0.84,14.38,38.93,156661,2.95,11.32,2001-05-01
London,http://landregistry.data.gov.uk/id/region/london,E12000007,2001-06,15564,monthly,40.42,164846,2.38,14.58,39.29,158105,0.92,10.28,2001-06-01
London,http://landregistry.data.gov.uk/id/region/london,E12000007,2001-07,16048,monthly,40.05,163357,-0.9,12.8,39.94,160739,1.67,9.94,2001-07-01
London,http://landregistry.data.gov.uk/id/region/london,E12000007,2001-08,17306,monthly,41.37,168706,3.27,14.66,40.78,164108,2.1,11.52,2001-08-01
London,http://landregistry.data.gov.uk/id/region/london,E12000007,2001-09,13820,monthly,42.4,172924,2.5,16.55,40.76,164016,-0.06,11.51,2001-09-01
London,http://landregistry.data.gov.uk/id/region/london,E12000007,2001-10,14320,monthly,42.52,173415,0.28,17.83,41.11,165444,0.87,13.82,2001-10-01
London,http://landregistry.data.gov.uk/id/region/london,E12000007,2001-11,14294,monthly,42.76,174413,0.58,14.3,41.37,166469,0.62,13.16,2001-11-01
London,http://landregistry.data.gov.uk/id/region/london,E12000007,2001-12,11937,monthly,43.45,177209,1.6,17.02,41.45,166786,0.19,13.45,2001-12-01
London,http://landregistry.data.gov.uk/id/region/london,E12000007,2002-01,10337,monthly,43.85,178849,0.93,15.38,41.99,168966,1.31,13.44,2002-01-01
London,http://landregistry.data.gov.uk/id/region/london,E12000007,2002-02,10786,monthly,45.03,183640,2.68,17.6,42.08,169343,0.22,13.57,2002-02-01
London,http://landregistry.data.gov.uk/id/region/london,E12000007,2002-03,13747,monthly,44.84,182861,-0.42,16.81,42.69,171793,1.45,14.28,2002-03-01
London,http://landregistry.data.gov.uk/id/region/london,E12000007,2002-04,14025,monthly,46.12,188090,2.86,17.79,44.05,177270,3.19,16.5,2002-04-01
London,http://landregistry.data.gov.uk/id/region/london,E12000007,2002-05,17735,monthly,46.6,190069,1.05,18.05,45.23,182033,2.69,16.2,2002-05-01
London,http://landregistry.data.gov.uk/id/region/london,E12000007,2002-06,14368,monthly,47.67,194401,2.28,17.93,46.02,185185,1.73,17.13,2002-06-01
London,http://landregistry.data.gov.uk/id/region/london,E12000007,2002-07,18061,monthly,47.62,194224,-0.09,18.9,47.38,190678,2.97,18.63,2002-07-01
London,http://landregistry.data.gov.uk/id/region/london,E12000007,2002-08,17567,monthly,49.31,201120,3.55,19.21,48.37,194648,2.08,18.61,2002-08-01
London,http://landregistry.data.gov.uk/id/region/london,E12000007,2002-09,15091,monthly,49.14,200417,-0.35,15.9,48.84,196530,0.97,19.82,2002-09-01
London,http://landregistry.data.gov.uk/id/region/london,E12000007,2002-10,14509,monthly,49.98,203834,1.7,17.54,49.32,198476,0.99,19.97,2002-10-01
London,http://landregistry.data.gov.uk/id/region/london,E12000007,2002-11,14324,monthly,50.63,206491,1.3,18.39,50.19,201962,1.76,21.32,2002-11-01
London,http://landregistry.data.gov.uk/id/region/london,E12000007,2002-12,13443,monthly,51.01,208053,0.76,17.41,50.4,202824,0.43,21.61,2002-12-01
London,http://landregistry.data.gov.uk/id/region/london,E12000007,2003-01,11365,monthly,50.87,207467,-0.28,16.0,51.4,206856,1.99,22.42,2003-01-01
London,http://landregistry.data.gov.uk/id/region/london,E12000007,2003-02,10320,monthly,52.07,212377,2.37,15.65,51.13,205754,-0.53,21.5,2003-02-01
London,http://landregistry.data.gov.uk/id/region/london,E12000007,2003-03,10600,monthly,51.68,210789,-0.75,15.27,50.92,204914,-0.41,19.28,2003-03-01
London,http://landregistry.data.gov.uk/id/region/london,E12000007,2003-04,10380,monthly,51.84,211439,0.31,12.41,51.54,207415,1.22,17.01,2003-04-01
London,http://landregistry.data.gov.uk/id/region/london,E12000007,2003-05,11169,monthly,51.96,211937,0.24,11.51,52.23,210195,1.34,15.47,2003-05-01
London,http://landregistry.data.gov.uk/id/region/london,E12000007,2003-06,11990,monthly,52.69,214878,1.39,10.53,51.74,208226,-0.94,12.44,2003-06-01
London,http://landregistry.data.gov.uk/id/region/london,E12000007,2003-07,13468,monthly,53.0,216164,0.6,11.3,53.01,213342,2.46,11.89,2003-07-01
London,http://landregistry.data.gov.uk/id/region/london,E12000007,2003-08,14417,monthly,52.37,213583,-1.19,6.2,52.76,212336,-0.47,9.09,2003-08-01
London,http://landregistry.data.gov.uk/id/region/london,E12000007,2003-09,14741,monthly,51.97,211974,-0.75,5.77,52.85,212677,0.16,8.22,2003-09-01
London,http://landregistry.data.gov.uk/id/region/london,E12000007,2003-10,15741,monthly,52.63,214644,1.26,5.3,53.26,214311,0.77,7.98,2003-10-01
London,http://landregistry.data.gov.uk/id/region/london,E12000007,2003-11,14754,monthly,53.39,217739,1.44,5.45,53.45,215102,0.37,6.51,2003-11-01
London,http://landregistry.data.gov.uk/id/region/london,E12000007,2003-12,14839,monthly,53.99,220180,1.12,5.83,53.78,216441,0.62,6.71,2003-12-01
London,http://landregistry.data.gov.uk/id/region/london,E12000007,2004-01,12767,monthly,54.14,220822,0.29,6.44,54.27,218412,0.91,5.59,2004-01-01
London,http://landregistry.data.gov.uk/id/region/london,E12000007,2004-02,12160,monthly,55.42,226031,2.36,6.43,54.42,219009,0.27,6.44,2004-02-01
London,http://landregistry.data.gov.uk/id/region/london,E12000007,2004-03,14409,monthly,55.36,225773,-0.11,7.11,54.84,220672,0.76,7.69,2004-03-01
London,http://landregistry.data.gov.uk/id/region/london,E12000007,2004-04,14873,monthly,55.01,224353,-0.63,6.11,56.09,225702,2.28,8.82,2004-04-01
London,http://landregistry.data.gov.uk/id/region/london,E12000007,2004-05,13613,monthly,56.47,230319,2.66,8.67,56.36,226791,0.48,7.9,2004-05-01
London,http://landregistry.data.gov.uk/id/region/london,E12000007,2004-06,16163,monthly,57.43,234225,1.7,9.0,57.04,229525,1.21,10.23,2004-06-01
London,http://landregistry.data.gov.uk/id/region/london,E12000007,2004-07,17612,monthly,55.7,227153,-3.02,5.08,58.19,234151,2.02,9.75,2004-07-01
London,http://landregistry.data.gov.uk/id/region/london,E12000007,2004-08,15020,monthly,57.28,233604,2.84,9.37,58.31,234639,0.21,10.5,2004-08-01
London,http://landregistry.data.gov.uk/id/region/london,E12000007,2004-09,13500,monthly,57.0,232457,-0.49,9.66,58.14,233976,-0.28,10.01,2004-09-01
London,http://landregistry.data.gov.uk/id/region/london,E12000007,2004-10,12031,monthly,56.82,231720,-0.32,7.96,57.66,232038,-0.83,8.27,2004-10-01
London,http://landregistry.data.gov.uk/id/region/london,E12000007,2004-11,10790,monthly,58.31,237803,2.63,9.21,58.19,234162,0.92,8.86,2004-11-01
London,http://landregistry.data.gov.uk/id/region/london,E12000007,2004-12,10859,monthly,57.63,235051,-1.16,6.75,57.03,229488,-2.0,6.03,2004-12-01
London,http://landregistry.data.gov.uk/id/region/london,E12000007,2005-01,8020,monthly,58.86,240060,2.13,8.71,57.53,231496,0.88,5.99,2005-01-01
London,http://landregistry.data.gov.uk/id/region/london,E12000007,2005-02,7829,monthly,58.95,240411,0.15,6.36,57.22,230266,-0.53,5.14,2005-02-01
London,http://landregistry.data.gov.uk/id/region/london,E12000007,2005-03,9361,monthly,59.23,241574,0.48,7.0,57.18,230100,-0.07,4.27,2005-03-01
London,http://landregistry.data.gov.uk/id/region/london,E12000007,2005-04,10290,monthly,60.85,248186,2.74,10.62,58.14,233978,1.69,3.67,2005-04-01
London,http://landregistry.data.gov.uk/id/region/london,E12000007,2005-05,10649,monthly,59.87,244182,-1.61,6.02,58.32,234679,0.3,3.48,2005-05-01
London,http://landregistry.data.gov.uk/id/region/london,E12000007,2005-06,12308,monthly,59.91,244327,0.06,4.31,58.37,234898,0.09,2.34,2005-06-01
London,http://landregistry.data.gov.uk/id/region/london,E12000007,2005-07,13536,monthly,59.94,244469,0.06,7.62,58.9,237034,0.91,1.23,2005-07-01
London,http://landregistry.data.gov.uk/id/region/london,E12000007,2005-08,13208,monthly,60.39,246313,0.75,5.44,58.89,236976,-0.02,1.0,2005-08-01
London,http://landregistry.data.gov.uk/id/region/london,E12000007,2005-09,13541,monthly,59.77,243776,-1.03,4.87,58.66,236055,-0.39,0.89,2005-09-01
London,http://landregistry.data.gov.uk/id/region/london,E12000007,2005-10,12382,monthly,59.51,242721,-0.43,4.75,57.97,233299,-1.17,0.54,2005-10-01
London,http://landregistry.data.gov.uk/id/region/london,E12000007,2005-11,12568,monthly,60.71,247586,2.0,4.11,58.48,235328,0.87,0.5,2005-11-01
London,http://landregistry.data.gov.uk/id/region/london,E12000007,2005-12,13144,monthly,61.62,251305,1.5,6.91,58.89,236974,0.7,3.26,2005-12-01
London,http://landregistry.data.gov.uk/id/region/london,E12000007,2006-01,10862,monthly,60.9,248374,-1.17,3.46,59.35,238832,0.78,3.17,2006-01-01
London,http://landregistry.data.gov.uk/id/region/london,E12000007,2006-02,10885,monthly,61.95,252650,1.72,5.09,59.08,237738,-0.46,3.25,2006-02-01
London,http://landregistry.data.gov.uk/id/region/london,E12000007,2006-03,13982,monthly,61.7,251641,-0.4,4.17,59.7,240237,1.05,4.41,2006-03-01
London,http://landregistry.data.gov.uk/id/region/london,E12000007,2006-04,11953,monthly,63.22,257854,2.47,3.9,60.68,244171,1.64,4.36,2006-04-01
London,http://landregistry.data.gov.uk/id/region/london,E12000007,2006-05,13349,monthly,63.65,259579,0.67,6.31,61.21,246312,0.88,4.96,2006-05-01
London,http://landregistry.data.gov.uk/id/region/london,E12000007,2006-06,16075,monthly,63.81,260255,0.26,6.52,62.21,250363,1.64,6.58,2006-06-01
London,http://landregistry.data.gov.uk/id/region/london,E12000007,2006-07,16182,monthly,63.74,259956,-0.11,6.33,62.88,253028,1.06,6.75,2006-07-01
London,http://landregistry.data.gov.uk/id/region/london,E12000007,2006-08,16833,monthly,64.03,261150,0.46,6.02,63.61,255966,1.16,8.01,2006-08-01
London,http://landregistry.data.gov.uk/id/region/london,E12000007,2006-09,15674,monthly,65.07,265399,1.63,8.87,63.75,256549,0.23,8.68,2006-09-01
London,http://landregistry.data.gov.uk/id/region/london,E12000007,2006-10,15193,monthly,65.35,266530,0.43,9.81,64.15,258152,0.62,10.65,2006-10-01
London,http://landregistry.data.gov.uk/id/region/london,E12000007,2006-11,15230,monthly,64.43,262772,-1.41,6.13,64.14,258110,-0.02,9.68,2006-11-01
London,http://landregistry.data.gov.uk/id/region/london,E12000007,2006-12,15232,monthly,66.63,271745,3.41,8.13,65.49,263536,2.1,11.21,2006-12-01
London,http://landregistry.data.gov.uk/id/region/london,E12000007,2007-01,12794,monthly,67.4,274876,1.15,10.67,66.27,266697,1.2,11.67,2007-01-01
London,http://landregistry.data.gov.uk/id/region/london,E12000007,2007-02,12194,monthly,68.23,278280,1.24,10.14,67.04,269797,1.16,13.48,2007-02-01
London,http://landregistry.data.gov.uk/id/region/london,E12000007,2007-03,14546,monthly,68.28,278458,0.06,10.66,67.75,272622,1.05,13.48,2007-03-01
London,http://landregistry.data.gov.uk/id/region/london,E12000007,2007-04,12568,monthly,69.3,282620,1.49,9.6,69.08,277998,1.97,13.85,2007-04-01
London,http://landregistry.data.gov.uk/id/region/london,E12000007,2007-05,14059,monthly,72.31,294932,4.36,13.62,69.94,281474,1.25,14.28,2007-05-01
London,http://landregistry.data.gov.uk/id/region/london,E12000007,2007-06,15799,monthly,71.08,289917,-1.7,11.4,70.85,285127,1.3,13.89,2007-06-01
London,http://landregistry.data.gov.uk/id/region/london,E12000007,2007-07,16037,monthly,74.7,304660,5.09,17.2,73.2,294580,3.32,16.42,2007-07-01
London,http://landregistry.data.gov.uk/id/region/london,E12000007,2007-08,16824,monthly,73.43,299488,-1.7,14.68,73.78,296910,0.79,16.0,2007-08-01
London,http://landregistry.data.gov.uk/id/region/london,E12000007,2007-09,13748,monthly,73.55,299954,0.16,13.02,73.97,297685,0.26,16.03,2007-09-01
London,http://landregistry.data.gov.uk/id/region/london,E12000007,2007-10,13890,monthly,75.11,306332,2.13,14.93,73.93,297501,-0.06,15.24,2007-10-01
London,http://landregistry.data.gov.uk/id/region/london,E12000007,2007-11,13174,monthly,73.99,301753,-1.49,14.83,73.75,296784,-0.24,14.98,2007-11-01
London,http://landregistry.data.gov.uk/id/region/london,E12000007,2007-12,9938,monthly,74.48,303759,0.66,11.78,73.81,297043,0.09,12.71,2007-12-01
London,http://landregistry.data.gov.uk/id/region/london,E12000007,2008-01,8541,monthly,75.46,307753,1.31,11.96,73.92,297467,0.14,11.54,2008-01-01
London,http://landregistry.data.gov.uk/id/region/london,E12000007,2008-02,8773,monthly,76.02,310055,0.75,11.42,73.07,294043,-1.15,8.99,2008-02-01
London,http://landregistry.data.gov.uk/id/region/london,E12000007,2008-03,8002,monthly,75.04,306044,-1.29,9.91,72.6,292143,-0.65,7.16,2008-03-01
London,http://landregistry.data.gov.uk/id/region/london,E12000007,2008-04,8074,monthly,75.41,307540,0.49,8.82,72.76,292807,0.23,5.33,2008-04-01
London,http://landregistry.data.gov.uk/id/region/london,E12000007,2008-05,8075,monthly,75.44,307693,0.05,4.33,72.98,293691,0.3,4.34,2008-05-01
London,http://landregistry.data.gov.uk/id/region/london,E12000007,2008-06,7540,monthly,73.81,301035,-2.16,3.83,71.76,288794,-1.67,1.29,2008-06-01
London,http://landregistry.data.gov.uk/id/region/london,E12000007,2008-07,6935,monthly,73.25,298738,-0.76,-1.94,71.87,289206,0.14,-1.82,2008-07-01
London,http://landregistry.data.gov.uk/id/region/london,E12000007,2008-08,5982,monthly,69.39,282991,-5.27,-5.51,69.93,281424,-2.69,-5.22,2008-08-01
London,http://landregistry.data.gov.uk/id/region/london,E12000007,2008-09,5191,monthly,69.72,284363,0.48,-5.2,68.46,275502,-2.1,-7.45,2008-09-01
London,http://landregistry.data.gov.uk/id/region/london,E12000007,2008-10,5225,monthly,67.5,275288,-3.19,-10.13,66.09,265978,-3.46,-10.6,2008-10-01
London,http://landregistry.data.gov.uk/id/region/london,E12000007,2008-11,4078,monthly,64.53,263177,-4.4,-12.78,64.12,258021,-2.99,-13.06,2008-11-01
London,http://landregistry.data.gov.uk/id/region/london,E12000007,2008-12,4505,monthly,62.04,253041,-3.85,-16.7,63.07,253824,-1.63,-14.55,2008-12-01
London,http://landregistry.data.gov.uk/id/region/london,E12000007,2009-01,3269,monthly,64.15,261640,3.4,-14.98,62.63,252054,-0.7,-15.27,2009-01-01
London,http://landregistry.data.gov.uk/id/region/london,E12000007,2009-02,3251,monthly,63.36,258396,-1.24,-16.66,61.83,248811,-1.29,-15.38,2009-02-01
London,http://landregistry.data.gov.uk/id/region/london,E12000007,2009-03,4097,monthly,62.95,256747,-0.64,-16.11,61.16,246140,-1.07,-15.75,2009-03-01
London,http://landregistry.data.gov.uk/id/region/london,E12000007,2009-04,4323,monthly,61.51,250885,-2.28,-18.42,60.79,244614,-0.62,-16.46,2009-04-01
London,http://landregistry.data.gov.uk/id/region/london,E12000007,2009-05,5011,monthly,61.87,252343,0.58,-17.99,62.02,249567,2.02,-15.02,2009-05-01
London,http://landregistry.data.gov.uk/id/region/london,E12000007,2009-06,6001,monthly,62.24,253852,0.6,-15.67,62.96,253379,1.53,-12.26,2009-06-01
London,http://landregistry.data.gov.uk/id/region/london,E12000007,2009-07,7900,monthly,62.13,253394,-0.18,-15.18,64.67,260253,2.71,-10.01,2009-07-01
London,http://landregistry.data.gov.uk/id/region/london,E12000007,2009-08,7548,monthly,62.32,254157,0.3,-10.19,65.28,262692,0.94,-6.66,2009-08-01
London,http://landregistry.data.gov.uk/id/region/london,E12000007,2009-09,7920,monthly,65.54,267287,5.17,-6.01,66.43,267321,1.76,-2.97,2009-09-01
London,http://landregistry.data.gov.uk/id/region/london,E12000007,2009-10,8449,monthly,65.07,265375,-0.72,-3.6,66.83,268925,0.6,1.11,2009-10-01
London,http://landregistry.data.gov.uk/id/region/london,E12000007,2009-11,7962,monthly,64.42,262749,-0.99,-0.16,66.36,267052,-0.7,3.5,2009-11-01
London,http://landregistry.data.gov.uk/id/region/london,E12000007,2009-12,9500,monthly,64.62,263553,0.31,4.15,67.24,270587,1.32,6.6,2009-12-01
London,http://landregistry.data.gov.uk/id/region/london,E12000007,2010-01,6212,monthly,64.12,261507,-0.78,-0.05,69.93,281423,4.0,11.65,2010-01-01
London,http://landregistry.data.gov.uk/id/region/london,E12000007,2010-02,6312,monthly,67.17,273951,4.76,6.02,69.41,279313,-0.75,12.26,2010-02-01
London,http://landregistry.data.gov.uk/id/region/london,E12000007,2010-03,7308,monthly,68.03,277462,1.28,8.07,69.8,280886,0.56,14.12,2010-03-01
London,http://landregistry.data.gov.uk/id/region/london,E12000007,2010-04,7032,monthly,67.29,274435,-1.09,9.39,70.27,282771,0.67,15.6,2010-04-01
London,http://landregistry.data.gov.uk/id/region/london,E12000007,2010-05,7106,monthly,66.46,271064,-1.23,7.42,70.28,282817,0.02,13.32,2010-05-01
London,http://landregistry.data.gov.uk/id/region/london,E12000007,2010-06,8756,monthly,67.48,275220,1.53,8.42,70.94,285481,0.94,12.67,2010-06-01
London,http://landregistry.data.gov.uk/id/region/london,E12000007,2010-07,9461,monthly,67.42,274957,-0.1,8.51,73.17,294441,3.14,13.14,2010-07-01
London,http://landregistry.data.gov.uk/id/region/london,E12000007,2010-08,8570,monthly,68.11,277773,1.02,9.29,72.53,291890,-0.87,11.11,2010-08-01
London,http://landregistry.data.gov.uk/id/region/london,E12000007,2010-09,8194,monthly,69.03,281519,1.35,5.32,72.31,290973,-0.31,8.85,2010-09-01
London,http://landregistry.data.gov.uk/id/region/london,E12000007,2010-10,7871,monthly,68.56,279629,-0.67,5.37,71.28,286836,-1.42,6.66,2010-10-01
London,http://landregistry.data.gov.uk/id/region/london,E12000007,2010-11,7663,monthly,66.93,272961,-2.38,3.89,70.38,283229,-1.26,6.06,2010-11-01
London,http://landregistry.data.gov.uk/id/region/london,E12000007,2010-12,7448,monthly,69.43,283161,3.74,7.44,71.0,285703,0.87,5.59,2010-12-01
London,http://landregistry.data.gov.uk/id/region/london,E12000007,2011-01,5870,monthly,70.9,289150,2.12,10.57,71.58,288061,0.83,2.36,2011-01-01
London,http://landregistry.data.gov.uk/id/region/london,E12000007,2011-02,5796,monthly,70.08,285828,-1.15,4.34,70.91,285345,-0.94,2.16,2011-02-01
London,http://landregistry.data.gov.uk/id/region/london,E12000007,2011-03,6675,monthly,71.38,291118,1.85,4.92,71.31,286962,0.57,2.16,2011-03-01
London,http://landregistry.data.gov.uk/id/region/london,E12000007,2011-04,6903,monthly,72.71,296537,1.86,8.05,73.05,293974,2.44,3.96,2011-04-01
London,http://landregistry.data.gov.uk/id/region/london,E12000007,2011-05,6460,monthly,71.09,289944,-2.22,6.97,70.7,284504,-3.22,0.6,2011-05-01
London,http://landregistry.data.gov.uk/id/region/london,E12000007,2011-06,7846,monthly,69.61,283922,-2.08,3.16,71.12,286214,0.6,0.26,2011-06-01
London,http://landregistry.data.gov.uk/id/region/london,E12000007,2011-07,8742,monthly,72.57,295959,4.24,7.64,73.56,296003,3.42,0.53,2011-07-01
London,http://landregistry.data.gov.uk/id/region/london,E12000007,2011-08,8998,monthly,71.43,291318,-1.57,4.88,73.39,295335,-0.23,1.18,2011-08-01
London,http://landregistry.data.gov.uk/id/region/london,E12000007,2011-09,8707,monthly,70.98,289495,-0.63,2.83,73.54,295961,0.21,1.71,2011-09-01
London,http://landregistry.data.gov.uk/id/region/london,E12000007,2011-10,7871,monthly,71.14,290134,0.22,3.76,72.71,292590,-1.14,2.01,2011-10-01
London,http://landregistry.data.gov.uk/id/region/london,E12000007,2011-11,7956,monthly,71.54,291768,0.56,6.89,72.35,291148,-0.49,2.8,2011-11-01
London,http://landregistry.data.gov.uk/id/region/london,E12000007,2011-12,8217,monthly,71.54,291777,0.0,3.04,72.68,292487,0.46,2.37,2011-12-01
London,http://landregistry.data.gov.uk/id/region/london,E12000007,2012-01,6531,monthly,71.48,291511,-0.09,0.82,73.24,294738,0.77,2.32,2012-01-01
London,http://landregistry.data.gov.uk/id/region/london,E12000007,2012-02,6659,monthly,69.8,284673,-2.35,-0.4,72.88,293277,-0.5,2.78,2012-02-01
London,http://landregistry.data.gov.uk/id/region/london,E12000007,2012-03,9099,monthly,70.59,287893,1.13,-1.11,72.24,290716,-0.87,1.31,2012-03-01
London,http://landregistry.data.gov.uk/id/region/london,E12000007,2012-04,5961,monthly,72.3,294862,2.42,-0.57,74.45,299587,3.05,1.91,2012-04-01
London,http://landregistry.data.gov.uk/id/region/london,E12000007,2012-05,7374,monthly,73.13,298252,1.15,2.87,75.74,304777,1.73,7.13,2012-05-01
London,http://landregistry.data.gov.uk/id/region/london,E12000007,2012-06,8132,monthly,73.45,299577,0.44,5.51,76.45,307672,0.95,7.5,2012-06-01
London,http://landregistry.data.gov.uk/id/region/london,E12000007,2012-07,8751,monthly,71.79,292780,-2.27,-1.07,77.23,310786,1.01,4.99,2012-07-01
London,http://landregistry.data.gov.uk/id/region/london,E12000007,2012-08,9073,monthly,72.77,296775,1.36,1.87,77.42,311546,0.24,5.49,2012-08-01
London,http://landregistry.data.gov.uk/id/region/london,E12000007,2012-09,7906,monthly,73.17,298433,0.56,3.09,76.94,309619,-0.62,4.61,2012-09-01
London,http://landregistry.data.gov.uk/id/region/london,E12000007,2012-10,8146,monthly,75.12,306361,2.66,5.59,77.23,310776,0.37,6.22,2012-10-01
London,http://landregistry.data.gov.uk/id/region/london,E12000007,2012-11,8626,monthly,75.34,307290,0.3,5.32,76.72,308752,-0.65,6.05,2012-11-01
London,http://landregistry.data.gov.uk/id/region/london,E12000007,2012-12,7601,monthly,76.66,312637,1.74,7.15,78.01,313943,1.68,7.34,2012-12-01
London,http://landregistry.data.gov.uk/id/region/london,E12000007,2013-01,6834,monthly,73.78,300893,-3.76,3.22,77.67,312562,-0.44,6.05,2013-01-01
London,http://landregistry.data.gov.uk/id/region/london,E12000007,2013-02,6693,monthly,75.34,307264,2.12,7.94,78.1,314294,0.55,7.17,2013-02-01
London,http://landregistry.data.gov.uk/id/region/london,E12000007,2013-03,7663,monthly,76.19,310746,1.13,7.94,77.66,312526,-0.56,7.5,2013-03-01
London,http://landregistry.data.gov.uk/id/region/london,E12000007,2013-04,7388,monthly,78.81,321405,3.43,9.0,79.75,320946,2.69,7.13,2013-04-01
London,http://landregistry.data.gov.uk/id/region/london,E12000007,2013-05,9010,monthly,77.94,317878,-1.1,6.58,80.23,322873,0.6,5.94,2013-05-01
London,http://landregistry.data.gov.uk/id/region/london,E12000007,2013-06,8930,monthly,78.8,321390,1.1,7.28,80.74,324926,0.64,5.61,2013-06-01
London,http://landregistry.data.gov.uk/id/region/london,E12000007,2013-07,10889,monthly,79.85,325662,1.33,11.23,82.96,333848,2.75,7.42,2013-07-01
London,http://landregistry.data.gov.uk/id/region/london,E12000007,2013-08,11153,monthly,79.98,326209,0.17,9.92,83.7,336842,0.9,8.12,2013-08-01
London,http://landregistry.data.gov.uk/id/region/london,E12000007,2013-09,10276,monthly,82.26,335504,2.85,12.42,84.76,341105,1.27,10.17,2013-09-01
London,http://landregistry.data.gov.uk/id/region/london,E12000007,2013-10,10935,monthly,83.4,340144,1.38,11.03,84.52,340115,-0.29,9.44,2013-10-01
London,http://landregistry.data.gov.uk/id/region/london,E12000007,2013-11,11427,monthly,84.42,344289,1.22,12.04,85.43,343774,1.08,11.34,2013-11-01
London,http://landregistry.data.gov.uk/id/region/london,E12000007,2013-12,10775,monthly,87.58,357205,3.75,14.26,87.36,351570,2.27,11.99,2013-12-01
London,http://landregistry.data.gov.uk/id/region/london,E12000007,2014-01,9966,monthly,87.12,355301,-0.53,18.08,88.46,355970,1.25,13.89,2014-01-01
London,http://landregistry.data.gov.uk/id/region/london,E12000007,2014-02,9363,monthly,88.99,362950,2.15,18.12,88.82,357433,0.41,13.73,2014-02-01
London,http://landregistry.data.gov.uk/id/region/london,E12000007,2014-03,9537,monthly,89.45,364833,0.52,17.41,89.74,361128,1.03,15.55,2014-03-01
London,http://landregistry.data.gov.uk/id/region/london,E12000007,2014-04,9809,monthly,92.72,378146,3.65,17.65,93.22,375133,3.88,16.88,2014-04-01
London,http://landregistry.data.gov.uk/id/region/london,E12000007,2014-05,10155,monthly,95.25,388469,2.73,22.21,94.97,382196,1.88,18.37,2014-05-01
London,http://landregistry.data.gov.uk/id/region/london,E12000007,2014-06,10486,monthly,95.17,388165,-0.08,20.78,96.21,387171,1.3,19.16,2014-06-01
London,http://landregistry.data.gov.uk/id/region/london,E12000007,2014-07,11340,monthly,96.07,391811,0.94,20.31,99.29,399565,3.2,19.68,2014-07-01
London,http://landregistry.data.gov.uk/id/region/london,E12000007,2014-08,11243,monthly,97.62,398128,1.61,22.05,100.78,405551,1.5,20.4,2014-08-01
London,http://landregistry.data.gov.uk/id/region/london,E12000007,2014-09,10437,monthly,97.43,397375,-0.19,18.44,100.5,404431,-0.28,18.57,2014-09-01
London,http://landregistry.data.gov.uk/id/region/london,E12000007,2014-10,10773,monthly,97.66,398305,0.23,17.1,100.1,402816,-0.4,18.44,2014-10-01
London,http://landregistry.data.gov.uk/id/region/london,E12000007,2014-11,9095,monthly,96.35,392957,-1.34,14.14,99.83,401729,-0.27,16.86,2014-11-01
London,http://landregistry.data.gov.uk/id/region/london,E12000007,2014-12,9745,monthly,99.46,405634,3.23,13.56,100.07,402708,0.24,14.55,2014-12-01
London,http://landregistry.data.gov.uk/id/region/london,E12000007,2015-01,8142,monthly,100.0,407847,0.55,14.79,100.0,402423,-0.07,13.05,2015-01-01
London,http://landregistry.data.gov.uk/id/region/london,E12000007,2015-02,7937,monthly,101.28,413077,1.28,13.81,100.41,404071,0.41,13.05,2015-02-01
London,http://landregistry.data.gov.uk/id/region/london,E12000007,2015-03,8847,monthly,100.74,410866,-0.54,12.62,100.44,404183,0.03,11.92,2015-03-01
London,http://landregistry.data.gov.uk/id/region/london,E12000007,2015-04,8323,monthly,101.98,415923,1.23,9.99,101.88,409980,1.43,9.29,2015-04-01
London,http://landregistry.data.gov.uk/id/region/london,E12000007,2015-05,9059,monthly,102.91,419710,0.91,8.04,103.25,415486,1.34,8.71,2015-05-01
London,http://landregistry.data.gov.uk/id/region/london,E12000007,2015-06,10721,monthly,101.03,412064,-1.82,6.16,104.4,420114,1.11,8.51,2015-06-01
London,http://landregistry.data.gov.uk/id/region/london,E12000007,2015-07,11980,monthly,105.07,428504,3.99,9.36,107.33,431913,2.81,8.1,2015-07-01
London,http://landregistry.data.gov.uk/id/region/london,E12000007,2015-08,10499,monthly,105.07,428525,0.0,7.64,108.55,436810,1.13,7.71,2015-08-01
London,http://landregistry.data.gov.uk/id/region/london,E12000007,2015-09,10686,monthly,106.13,432855,1.01,8.93,109.42,440322,0.8,8.87,2015-09-01
London,http://landregistry.data.gov.uk/id/region/london,E12000007,2015-10,10926,monthly,107.15,437017,0.96,9.72,109.53,440782,0.1,9.43,2015-10-01
London,http://landregistry.data.gov.uk/id/region/london,E12000007,2015-11,9752,monthly,108.03,440608,0.82,12.13,110.8,445904,1.16,11.0,2015-11-01
London,http://landregistry.data.gov.uk/id/region/london,E12000007,2015-12,9700,monthly,111.97,456657,3.64,12.58,111.7,449493,0.8,11.62,2015-12-01
London,http://landregistry.data.gov.uk/id/region/london,E12000007,2016-01,7927,monthly,112.7,459652,0.66,12.7,113.63,457279,1.73,13.63,2016-01-01
London,http://landregistry.data.gov.uk/id/region/london,E12000007,2016-02,8208,monthly,109.88,448129,-2.51,8.49,113.96,458591,0.29,13.49,2016-02-01
London,http://landregistry.data.gov.uk/id/region/london,E12000007,2016-03,17501,monthly,109.52,446662,-0.33,8.71,115.85,466218,1.66,15.35,2016-03-01
London,http://landregistry.data.gov.uk/id/region/london,E12000007,2016-04,5746,monthly,116.16,473740,6.06,13.9,114.31,460001,-1.33,12.2,2016-04-01
London,http://landregistry.data.gov.uk/id/region/london,E12000007,2016-05,6617,monthly,119.9,488999,3.22,16.51,115.72,465689,1.24,12.08,2016-05-01
London,http://landregistry.data.gov.uk/id/region/london,E12000007,2016-06,8464,monthly,115.8,472269,-3.42,14.61,116.24,467767,0.45,11.34,2016-06-01
London,http://landregistry.data.gov.uk/id/region/london,E12000007,2016-07,8794,monthly,116.49,475091,0.6,10.87,118.18,475567,1.67,10.11,2016-07-01
London,http://landregistry.data.gov.uk/id/region/london,E12000007,2016-08,8535,monthly,115.71,471923,-0.67,10.13,117.28,471960,-0.76,8.05,2016-08-01
London,http://landregistry.data.gov.uk/id/region/london,E12000007,2016-09,8275,monthly,116.16,473734,0.38,9.44,117.19,471599,-0.08,7.1,2016-09-01
London,http://landregistry.data.gov.uk/id/region/london,E12000007,2016-10,8100,monthly,118.56,483553,2.07,10.65,116.78,469951,-0.35,6.62,2016-10-01
London,http://landregistry.data.gov.uk/id/region/london,E12000007,2016-11,8178,monthly,117.59,479572,-0.82,8.84,116.82,470116,0.04,5.43,2016-11-01
London,http://landregistry.data.gov.uk/id/region/london,E12000007,2016-12,8460,monthly,117.76,480268,0.15,5.17,117.22,471705,0.34,4.94,2016-12-01
London,http://landregistry.data.gov.uk/id/region/london,E12000007,2017-01,6931,monthly,121.03,493619,2.78,7.39,117.81,474111,0.51,3.68,2017-01-01
London,http://landregistry.data.gov.uk/id/region/london,E12000007,2017-02,7108,monthly,122.58,499935,1.28,11.56,117.99,474821,0.15,3.54,2017-02-01
London,http://landregistry.data.gov.uk/id/region/london,E12000007,2017-03,8659,monthly,119.86,488848,-2.22,9.44,117.86,474278,-0.11,1.73,2017-03-01
London,http://landregistry.data.gov.uk/id/region/london,E12000007,2017-04,7120,monthly,120.82,492747,0.8,4.01,118.94,478660,0.92,4.06,2017-04-01
London,http://landregistry.data.gov.uk/id/region/london,E12000007,2017-05,7874,monthly,120.6,491869,-0.18,0.59,119.26,479921,0.26,3.06,2017-05-01
London,http://landregistry.data.gov.uk/id/region/london,E12000007,2017-06,9192,monthly,118.74,484279,-1.54,2.54,119.2,479695,-0.05,2.55,2017-06-01
London,http://landregistry.data.gov.uk/id/region/london,E12000007,2017-07,8494,monthly,121.62,496033,2.43,4.41,121.22,487808,1.69,2.57,2017-07-01
London,http://landregistry.data.gov.uk/id/region/london,E12000007,2017-08,8921,monthly,120.21,490275,-1.16,3.89,120.94,486698,-0.23,3.12,2017-08-01
London,http://landregistry.data.gov.uk/id/region/london,E12000007,2017-09,8239,monthly,120.93,493218,0.6,4.11,120.02,482972,-0.77,2.41,2017-09-01
London,http://landregistry.data.gov.uk/id/region/london,E12000007,2017-10,7990,monthly,122.07,497851,0.94,2.96,119.38,480395,-0.53,2.22,2017-10-01
London,http://landregistry.data.gov.uk/id/region/london,E12000007,2017-11,7629,monthly,117.41,478833,-3.82,-0.15,118.27,475957,-0.92,1.24,2017-11-01
London,http://landregistry.data.gov.uk/id/region/london,E12000007,2017-12,7883,monthly,118.39,482847,0.84,0.54,118.35,476248,0.06,0.96,2017-12-01
London,http://landregistry.data.gov.uk/id/region/london,E12000007,2018-01,6584,monthly,121.83,496890,2.91,0.66,118.86,478329,0.44,0.89,2018-01-01
London,http://landregistry.data.gov.uk/id/region/london,E12000007,2018-02,6386,monthly,125.94,513622,3.37,2.74,117.51,472869,-1.14,-0.41,2018-02-01
London,http://landregistry.data.gov.uk/id/region/london,E12000007,2018-03,7350,monthly,120.03,489523,-4.69,0.14,117.01,470875,-0.42,-0.72,2018-03-01
London,http://landregistry.data.gov.uk/id/region/london,E12000007,2018-04,6511,monthly,122.26,498630,1.86,1.19,118.03,474977,0.87,-0.77,2018-04-01
London,http://landregistry.data.gov.uk/id/region/london,E12000007,2018-05,6980,monthly,120.42,491144,-1.5,-0.15,118.76,477907,0.62,-0.42,2018-05-01
London,http://landregistry.data.gov.uk/id/region/london,E12000007,2018-06,8135,monthly,120.58,491781,0.13,1.55,119.16,479518,0.34,-0.04,2018-06-01
London,http://landregistry.data.gov.uk/id/region/london,E12000007,2018-07,8303,monthly,121.56,495794,0.82,-0.05,120.39,484483,1.04,-0.68,2018-07-01
London,http://landregistry.data.gov.uk/id/region/london,E12000007,2018-08,8975,monthly,121.76,496575,0.16,1.29,118.81,478123,-1.31,-1.76,2018-08-01
London,http://landregistry.data.gov.uk/id/region/london,E12000007,2018-09,7636,monthly,119.12,485831,-2.16,-1.5,118.44,476623,-0.31,-1.31,2018-09-01
London,http://landregistry.data.gov.uk/id/region/london,E12000007,2018-10,7956,monthly,121.94,497344,2.37,-0.1,118.93,478582,0.41,-0.38,2018-10-01
London,http://landregistry.data.gov.uk/id/region/london,E12000007,2018-11,8130,monthly,116.97,477054,-4.08,-0.37,118.22,475729,-0.6,-0.05,2018-11-01
London,http://landregistry.data.gov.uk/id/region/london,E12000007,2018-12,6957,monthly,119.66,488048,2.3,1.08,117.35,472235,-0.73,-0.84,2018-12-01
London,http://landregistry.data.gov.uk/id/region/london,E12000007,2019-01,6031,monthly,118.76,484369,-0.75,-2.52,116.58,469134,-0.66,-1.92,2019-01-01
London,http://landregistry.data.gov.uk/id/region/london,E12000007,2019-02,5967,monthly,120.77,492552,1.69,-4.1,115.18,463520,-1.2,-1.98,2019-02-01
London,http://landregistry.data.gov.uk/id/region/london,E12000007,2019-03,6875,monthly,118.4,482871,-1.97,-1.36,114.96,462630,-0.19,-1.75,2019-03-01
London,http://landregistry.data.gov.uk/id/region/london,E12000007,2019-04,6063,monthly,119.56,487615,0.98,-2.21,116.32,468099,1.18,-1.45,2019-04-01
London,http://landregistry.data.gov.uk/id/region/london,E12000007,2019-05,6815,monthly,116.54,475296,-2.53,-3.23,115.06,463035,-1.08,-3.11,2019-05-01
London,http://landregistry.data.gov.uk/id/region/london,E12000007,2019-06,6991,monthly,116.57,475412,0.02,-3.33,117.01,470860,1.69,-1.81,2019-06-01
London,http://landregistry.data.gov.uk/id/region/london,E12000007,2019-07,8275,monthly,122.92,501319,5.45,1.11,118.4,476460,1.19,-1.66,2019-07-01
London,http://landregistry.data.gov.uk/id/region/london,E12000007,2019-08,8797,monthly,117.83,480559,-4.14,-3.23,117.46,472673,-0.79,-1.14,2019-08-01
London,http://landregistry.data.gov.uk/id/region/london,E12000007,2019-09,7586,monthly,122.15,498203,3.67,2.55,118.12,475330,0.56,-0.27,2019-09-01
London,http://landregistry.data.gov.uk/id/region/london,E12000007,2019-10,7901,monthly,119.95,489218,-1.8,-1.63,117.15,471439,-0.82,-1.49,2019-10-01
London,http://landregistry.data.gov.uk/id/region/london,E12000007,2019-11,7833,monthly,113.57,463208,-5.32,-2.9,116.93,470541,-0.19,-1.09,2019-11-01
London,http://landregistry.data.gov.uk/id/region/london,E12000007,2019-12,7107,monthly,117.19,477937,3.18,-2.07,119.37,480355,2.09,1.72,2019-12-01
London,http://landregistry.data.gov.uk/id/region/london,E12000007,2020-01,6527,monthly,123.9,505331,5.73,4.33,117.55,473042,-1.52,0.83,2020-01-01
London,http://landregistry.data.gov.uk/id/region/london,E12000007,2020-02,6465,monthly,118.38,482814,-4.46,-1.98,118.08,475176,0.45,2.51,2020-02-01
London,http://landregistry.data.gov.uk/id/region/london,E12000007,2020-03,6842,monthly,122.56,499861,3.53,3.52,119.72,481785,1.39,4.14,2020-03-01
London,http://landregistry.data.gov.uk/id/region/london,E12000007,2020-04,3206,monthly,122.89,501192,0.27,2.78,117.78,473985,-1.62,1.26,2020-04-01
London,http://landregistry.data.gov.uk/id/region/london,E12000007,2020-05,2929,monthly,123.23,502603,0.28,5.75,116.87,470309,-0.78,1.57,2020-05-01
London,http://landregistry.data.gov.uk/id/region/london,E12000007,2020-06,4511,monthly,116.74,476123,-5.27,0.15,119.99,482863,2.67,2.55,2020-06-01
London,http://landregistry.data.gov.uk/id/region/london,E12000007,2020-07,5988,monthly,121.89,497120,4.41,-0.84,120.2,483702,0.17,1.52,2020-07-01
London,http://landregistry.data.gov.uk/id/region/london,E12000007,2020-08,6148,monthly,122.51,499669,0.51,3.98,121.73,489852,1.27,3.63,2020-08-01
London,http://landregistry.data.gov.uk/id/region/london,E12000007,2020-09,7087,monthly,122.1,497997,-0.33,-0.04,122.91,494612,0.97,4.06,2020-09-01
London,http://landregistry.data.gov.uk/id/region/london,E12000007,2020-10,8083,monthly,118.88,484835,-2.64,-0.9,121.44,488688,-1.2,3.66,2020-10-01
London,http://landregistry.data.gov.uk/id/region/london,E12000007,2020-11,7825,monthly,119.15,485935,0.23,4.91,123.85,498382,1.98,5.92,2020-11-01
London,http://landregistry.data.gov.uk/id/region/london,E12000007,2020-12,9201,monthly,119.25,486344,0.08,1.76,123.72,497880,-0.1,3.65,2020-12-01
London,http://landregistry.data.gov.uk/id/region/london,E12000007,2021-01,7398,monthly,126.11,514316,5.75,1.78,123.93,498724,0.17,5.43,2021-01-01
London,http://landregistry.data.gov.uk/id/region/london,E12000007,2021-02,9233,monthly,123.52,503775,-2.05,4.34,121.82,490212,-1.71,3.16,2021-02-01
London,http://landregistry.data.gov.uk/id/region/london,E12000007,2021-03,14884,monthly,126.78,517066,2.64,3.44,124.05,499200,1.83,3.61,2021-03-01
London,http://landregistry.data.gov.uk/id/region/london,E12000007,2021-04,8343,monthly,127.92,521717,0.9,4.1,121.45,488739,-2.1,3.11,2021-04-01
London,http://landregistry.data.gov.uk/id/region/london,E12000007,2021-05,6937,monthly,120.24,490379,-6.01,-2.43,121.14,487511,-0.25,3.66,2021-05-01
London,http://landregistry.data.gov.uk/id/region/london,E12000007,2021-06,24094,monthly,124.1,506152,3.22,6.31,126.17,507732,4.15,5.15,2021-06-01
London,http://landregistry.data.gov.uk/id/region/london,E12000007,2021-07,2701,monthly,126.44,515695,1.89,3.74,123.55,497205,-2.07,2.79,2021-07-01
London,http://landregistry.data.gov.uk/id/region/london,E12000007,2021-08,5536,monthly,122.83,500956,-2.86,0.26,127.57,513377,3.25,4.8,2021-08-01
London,http://landregistry.data.gov.uk/id/region/london,E12000007,2021-09,11626,monthly,125.74,512838,2.37,2.98,126.83,510393,-0.58,3.19,2021-09-01
London,http://landregistry.data.gov.uk/id/region/london,E12000007,2021-10,4393,monthly,123.93,505450,-1.44,4.25,126.68,509796,-0.12,4.32,2021-10-01
London,http://landregistry.data.gov.uk/id/region/london,E12000007,2021-11,6098,monthly,127.08,518274,2.54,6.65,126.9,510693,0.18,2.47,2021-11-01
London,http://landregistry.data.gov.uk/id/region/london,E12000007,2021-12,6719,monthly,121.1,493914,-4.7,1.56,127.5,513075,0.47,3.05,2021-12-01
London,http://landregistry.data.gov.uk/id/region/london,E12000007,2022-01,5683,monthly,131.04,534423,8.2,3.91,128.38,516627,0.69,3.59,2022-01-01
London,http://landregistry.data.gov.uk/id/region/london,E12000007,2022-02,6295,monthly,128.68,524815,-1.8,4.18,128.66,517738,0.22,5.62,2022-02-01
London,http://landregistry.data.gov.uk/id/region/london,E12000007,2022-03,7288,monthly,129.75,529169,0.83,2.34,128.0,515085,-0.51,3.18,2022-03-01
London,http://landregistry.data.gov.uk/id/region/london,E12000007,2022-04,6302,monthly,129.01,526164,-0.57,0.85,129.76,522191,1.38,6.84,2022-04-01
London,http://landregistry.data.gov.uk/id/region/london,E12000007,2022-05,6686,monthly,133.57,544754,3.53,11.09,129.75,522130,-0.01,7.1,2022-05-01
London,http://landregistry.data.gov.uk/id/region/london,E12000007,2022-06,6660,monthly,131.42,535982,-1.61,5.89,132.38,532717,2.03,4.92,2022-06-01
London,http://landregistry.data.gov.uk/id/region/london,E12000007,2022-07,7602,monthly,131.23,535217,-0.14,3.79,134.43,540993,1.55,8.81,2022-07-01
London,http://landregistry.data.gov.uk/id/region/london,E12000007,2022-08,7546,monthly,134.65,549159,2.61,9.62,135.32,544562,0.66,6.07,2022-08-01
London,http://landregistry.data.gov.uk/id/region/london,E12000007,2022-09,7428,monthly,140.59,573372,4.41,11.8,134.83,542570,-0.37,6.3,2022-09-01
London,http://landregistry.data.gov.uk/id/region/london,E12000007,2022-10,6671,monthly,140.43,572739,-0.11,13.31,133.34,536601,-1.1,5.26,2022-10-01
London,http://landregistry.data.gov.uk/id/region/london,E12000007,2022-11,6129,monthly,150.08,612084,6.87,18.1,133.39,536790,0.04,5.11,2022-11-01
London,http://landregistry.data.gov.uk/id/region/london,E12000007,2022-12,,monthly,,,,,,,,,2022-12-01
London,http://landregistry.data.gov.uk/id/region/london,E12000007,2023-01,,monthly,,,,,,,,,2023-01-01
